{"gemini-3.5-flash": 1781180406.1033092, "gemini-2.5-flash": 1781180406.666166}