{"gemini-3.5-flash": 1781158878.920088, "gemini-2.5-flash": 1781158893.7021508, "gemini-3.1-flash-lite": 1781158880.234464, "gemini-2.0-flash": 1781158880.9603982}