{"key_AQ.Ab8RN6Jq0_gemini-3.5-flash": 1781184284.849754, "gemini-2.5-flash": 1781184690.0224051, "key_AIzaSyCrstrX_gemini-3.5-flash": 1781184261.345717, "key_AQ.Ab8RN6JDv_gemini-3.5-flash": 1781184265.6133518, "gemini-3.5-flash": 1781185765.6142411}