{"key_AQ.Ab8RN6JDv_gemini-3.5-flash": 1781186560.052095, "key_AQ.Ab8RN6Jq0_gemini-3.5-flash": 1781186560.57514, "gemini-3.5-flash": 1781188061.304736, "key_AIzaSyCrstrX_gemini-3.5-flash": 1781186561.302817, "key_AQ.Ab8RN6JDv_gemini-2.5-flash": 1781186561.7571032}