{"gemini-2.5-flash": 1781169893.434269, "gemini-3.1-flash-lite": 1781169894.23777, "gemini-2.0-flash": 1781169894.874014}