{"key_AQ.Ab8RN6JDv_gemini-3.5-flash": 1781280025.195898, "key_AQ.Ab8RN6Jq0_gemini-3.5-flash": 1781280044.59454}