{"key_AQ.Ab8RN6JDv_gemini-3.5-flash": 1781203044.887549, "key_AQ.Ab8RN6Jq0_gemini-3.5-flash": 1781203064.238334}