{"key_AQ.Ab8RN6Jq0_gemini-3.5-flash": 1781183165.2765682, "gemini-3.5-flash": 1781183669.567787, "key_AQ.Ab8RN6JDv_gemini-2.5-flash": 1781183190.021633, "gemini-2.5-flash": 1781184690.0224051}