{"key_AQ.Ab8RN6JDv_gemini-3.5-flash": 1781200732.663146, "gemini-3.5-flash": 1781202232.663753, "key_AQ.Ab8RN6JDv_gemini-2.5-flash": 1781200733.082888, "gemini-2.5-flash": 1781202233.0834858}