{"gemini-3.1-flash-lite": 1781132547.252726, "gemini-2.0-flash": 1781132547.802447, "gemini-3.5-flash": 1781133710.68665, "gemini-2.5-flash": 1781133711.807073}