{"gemini-3.5-flash": 1781176400.439518, "gemini-2.5-flash": 1781176400.759074, "ollama/granite4.1:3b": 1781176408.224679, "gemini-3.1-flash-lite": 1781177681.171579, "gemini-2.0-flash": 1781177681.468595}