{"key_AQ.Ab8RN6JDv_gemini-3.5-flash": 1781196145.809546, "key_AQ.Ab8RN6Jq0_gemini-3.5-flash": 1781196165.148766, "key_AIzaSyCrstrX_gemini-3.5-flash": 1781196165.671197, "gemini-3.5-flash": 1781197665.672089, "key_AQ.Ab8RN6JDv_gemini-2.5-flash": 1781196166.174357, "key_AQ.Ab8RN6Jq0_gemini-2.5-flash": 1781196166.702477, "key_AIzaSyCrstrX_gemini-2.5-flash": 1781196167.227798, "gemini-2.5-flash": 1781197667.2295098}