{"key_AQ.Ab8RN6JDv_gemini-3.5-flash": 1781275724.4396439, "key_AQ.Ab8RN6Jq0_gemini-3.5-flash": 1781275766.791181}