{"key_AQ.Ab8RN6Jq0_gemini-3.5-flash": 1781193263.378067, "gemini-3.5-flash": 1781194824.875875, "key_AQ.Ab8RN6JDv_gemini-3.5-flash": 1781193305.357882, "key_AIzaSyCrstrX_gemini-3.5-flash": 1781193324.873858}