{"gemini-3.5-flash": 1781188061.304736, "key_AQ.Ab8RN6JDv_gemini-2.5-flash": 1781187814.8385909, "key_AQ.Ab8RN6Jq0_gemini-2.5-flash": 1781187820.986028, "key_AIzaSyCrstrX_gemini-2.5-flash": 1781187821.899134, "gemini-2.5-flash": 1781189321.900036}