{"key_AQ.Ab8RN6JDv_gemini-3.5-flash": 1781212343.9848902, "key_AQ.Ab8RN6Jq0_gemini-3.5-flash": 1781212344.358731, "key_AQ.Ab8RN6JDv_gemini-2.5-flash": 1781212488.545813, "key_AQ.Ab8RN6Jq0_gemini-2.5-flash": 1781212494.409081, "key_AIzaSyCrstrX_gemini-2.5-flash": 1781212523.845773, "gemini-2.5-flash": 1781214023.847806}