{"gemini-3.5-flash": 1781131909.740074, "gemini-2.5-flash": 1781131910.2661812}