{"gemini-3.5-flash": 1781133710.68665, "gemini-2.5-flash": 1781133711.807073, "gemini-3.1-flash-lite": 1781134364.46857, "gemini-2.0-flash": 1781134364.953453}