{"gemini-3.5-flash": 1781178074.190007, "gemini-2.5-flash": 1781178079.191469}