{"key_AQ.Ab8RN6JDv_gemini-3.5-flash": 1781243081.9867048, "key_AQ.Ab8RN6Jq0_gemini-3.5-flash": 1781243082.333007}