{"gemini-3.5-flash": 1781127962.212256, "gemini-2.5-flash": 1781128243.7868721}