{"key_AQ.Ab8RN6Jq0_gemini-3.5-flash": 1781197672.497319, "gemini-3.5-flash": 1781197665.672089, "gemini-2.5-flash": 1781197667.2295098, "key_AIzaSyCrstrX_gemini-3.5-flash": 1781197676.1764271}