{"gemini-3.5-flash": 1781185765.6142411, "key_AQ.Ab8RN6JDv_gemini-2.5-flash": 1781185417.1638012}