{"key_AQ.Ab8RN6Jq0_gemini-3.5-flash": 1781193263.378067, "gemini-3.5-flash": 1781194763.379355}