{"gemini-3.5-flash": 1781131909.740074, "gemini-2.5-flash": 1781131910.2661812, "gemini-3.1-flash-lite": 1781132547.252726, "gemini-2.0-flash": 1781132547.802447}