{"gemini-3.5-flash": 1781129843.615712, "gemini-2.5-flash": 1781130055.254221}