{"gemini-3.5-flash": 1781177834.264588, "gemini-2.5-flash": 1781177901.525617}