{"gemini-3.5-flash": 1781176400.439518, "gemini-2.5-flash": 1781176400.759074, "ollama/granite4.1:3b": 1781176408.224679}