{"key_AQ.Ab8RN6JDv_gemini-3.5-flash": 1781190632.606348, "key_AQ.Ab8RN6Jq0_gemini-3.5-flash": 1781190632.182749, "gemini-3.5-flash": 1781192132.1840372, "key_AQ.Ab8RN6Jq0_gemini-2.5-flash": 1781190631.204973, "gemini-2.5-flash": 1781192131.205819}