{"key_AQ.Ab8RN6JDv_gemini-3.5-flash": 1781271364.969364, "key_AQ.Ab8RN6Jq0_gemini-3.5-flash": 1781271365.520493}