{"gemini-3.5-flash": 1781177834.264588, "gemini-2.5-flash": 1781177901.525617, "gemini-3.1-flash-lite": 1781177911.017277, "gemini-2.0-flash": 1781177911.404736}