{"gemini-3.5-flash": 1781161118.575852, "gemini-2.5-flash": 1781161119.4038432, "gemini-3.1-flash-lite": 1781161120.268478, "gemini-2.0-flash": 1781161121.0880482}