{"key_AQ.Ab8RN6Jq0_gemini-2.5-flash": 1781226636.083485, "key_AIzaSyCrstrX_gemini-2.5-flash": 1781226665.4334779}