{"key_AQ.Ab8RN6JDv": 1781181006.804965, "key_AQ.Ab8RN6Jq0": 1781181007.177589, "key_AIzaSyCrstrX": 1781181007.615523, "gemini-3.5-flash": 1781182507.61627, "gemini-2.5-flash": 1781182507.617079, "gemini-3.1-flash-lite": 1781182507.617743, "gemini-2.0-flash": 1781182507.618332}