{"gemini-3.1-flash-lite": 1781134364.46857, "gemini-2.0-flash": 1781134364.953453, "gemini-3.5-flash": 1781135512.9649448, "gemini-2.5-flash": 1781135513.457588}