{"gemini-3.5-flash": 1781166859.677846, "gemini-2.5-flash": 1781166860.664135, "gemini-3.1-flash-lite": 1781166861.384584, "gemini-2.0-flash": 1781166862.025839}